id,url,title,published_date,domain,country,severity,incident_type,description,language,source_country,collected_at,matched_query,validation_status,validation_reason,evidence_text,incident_fingerprint
45,https://syrianobserver.com/society/hashtag-forced-to-suspend-operations-in-syria-amid-press-freedom-concerns.html,Hashtag Forced to Suspend Operations in Syria Amid Press Freedom Concerns,"Mon, 24 Aug 2026 21:00:32 +0000",syrianobserver.com,SY,MEDIUM,THREAT,"Its journalists faced threats, including death threats, while several members of the organisation were subjected to criminal proceedings that remained unresolved until the fall of Bashar al-Assad's government on 8 December 2024.",en,SY,2026-08-26 13:28:04,rss:syrianobserver.com,validated,media subject and harm action found in returned text,"Its journalists faced threats, including death threats, while several members of the organisation were subjected to criminal proceedings that remained unresolved until the fall of Bashar al-Assad's government on 8 December 2024.",its journalists faced threats including death threats while several members organisation subjected
46,https://www.theguardian.com/world/2026/aug/26/yorgen-fenech-trial-daphne-caruana-galizia-claims-framed,Man on trial for Daphne Caruana Galizia murder claims he was framed,"Wed, 26 Aug 2026 04:00:34 GMT",www.theguardian.com,UK,HIGH,DETENTION,"Man on trial for Daphne Caruana Galizia murder claims he was framed A businessman on trial for the murder of the journalist Daphne Caruana Galizia has spoken about the charges for the first time in court since his arrest seven years ago, telling the jury he was framed by police and had nothing to do with the killing.",en,UK,2026-08-26 13:28:04,rss:www.theguardian.com,validated,media subject and harm action found in returned text,"Man on trial for Daphne Caruana Galizia murder claims he was framed A businessman on trial for the murder of the journalist Daphne Caruana Galizia has spoken about the charges for the first time in court since his arrest seven years ago, telling the jury he was framed by police and had nothing to do with the killing.",man trial for daphne caruana galizia murder framed businessman trial for murder
34,https://timesofindia.indiatimes.com/city/chennai/six-arrested-for-jana-nayagan-movie-leak/articleshow/131539830.cms,Six arrested for ‘Jana Nayagan’ movie leak,2026-06-06,timesofindia.indiatimes.com,IN,HIGH,DETENTION,The investigation revealed that Balaji had links to a freelance editor who was arrested earlier in connection with the theft and leak of the film.,en,IN,2026-08-26 13:16:20,ccnews:timesofindia.indiatimes.com,validated,media subject and harm action found in returned text,The investigation revealed that Balaji had links to a freelance editor who was arrested earlier in connection with the theft and leak of the film.,investigation revealed that balaji had links freelance editor who arrested earlier connection
35,https://www.iranintl.com/en/202606068391,Foley Foundation urges action after detained journalist speaks from Iran captivity,2026-06-06,www.iranintl.com,IR,HIGH,DETENTION,"Foley Foundation urges action after detained journalist speaks from Iran captivity Foley Foundation urges action after detained journalist speaks from Iran captivity Jun 6, 2026, 01:11 GMT+1 Listen to this article Share The James Foley Legacy Foundation on Friday called for urgent US diplomatic action following the release of a voice recording from detained Iranian American journalist Reza Valizadeh, who is being held in Iran's Evin Prison.",en,IR,2026-08-26 13:18:10,ccnews:www.iranintl.com,validated,media subject and harm action found in returned text,"Foley Foundation urges action after detained journalist speaks from Iran captivity Foley Foundation urges action after detained journalist speaks from Iran captivity Jun 6, 2026, 01:11 GMT+1 Listen to this article Share The James Foley Legacy Foundation on Friday called for urgent US diplomatic action following the release of a voice recording from detained Iranian American journalist Reza Valizadeh, who is being held in Iran's Evin Prison.",foley foundation urges action after detained journalist speaks from iran captivity foley
36,https://www.iranintl.com/en/202606069065,Trump shares video titled 'Iranian Navy' showing destroyed ships,2026-06-06,www.iranintl.com,IR,HIGH,DETENTION,"The James Foley Legacy Foundation on Friday called for urgent US diplomatic action following the release of a voice recording from detained Iranian American journalist Reza Valizadeh, who is being held in Iran's Evin Prison.",en,IR,2026-08-26 13:18:10,ccnews:www.iranintl.com,validated,media subject and harm action found in returned text,"The James Foley Legacy Foundation on Friday called for urgent US diplomatic action following the release of a voice recording from detained Iranian American journalist Reza Valizadeh, who is being held in Iran's Evin Prison.",james foley legacy foundation friday called for urgent us diplomatic action following
37,https://www.iranintl.com/en/202606062062,IRGC says it targeted US bases after American strikes on Sirik and Qeshm,2026-06-06,www.iranintl.com,IR,HIGH,DETENTION,"The James Foley Legacy Foundation on Friday called for urgent US diplomatic action following the release of a voice recording from detained Iranian American journalist Reza Valizadeh, who is being held in Iran's Evin Prison.",en,IR,2026-08-26 13:19:04,ccnews:www.iranintl.com,validated,media subject and harm action found in returned text,"The James Foley Legacy Foundation on Friday called for urgent US diplomatic action following the release of a voice recording from detained Iranian American journalist Reza Valizadeh, who is being held in Iran's Evin Prison.",james foley legacy foundation friday called for urgent us diplomatic action following
38,https://www.iranintl.com/en/202606066102,Explosions heard in Sirik in southern Iran - Tasnim News,2026-06-06,www.iranintl.com,IR,HIGH,DETENTION,"The James Foley Legacy Foundation on Friday called for urgent US diplomatic action following the release of a voice recording from detained Iranian American journalist Reza Valizadeh, who is being held in Iran's Evin Prison.",en,IR,2026-08-26 13:19:04,ccnews:www.iranintl.com,validated,media subject and harm action found in returned text,"The James Foley Legacy Foundation on Friday called for urgent US diplomatic action following the release of a voice recording from detained Iranian American journalist Reza Valizadeh, who is being held in Iran's Evin Prison.",james foley legacy foundation friday called for urgent us diplomatic action following
39,https://www.iranintl.com/en/202606067295,Bahrain activates air raid sirens - state media,2026-06-06,www.iranintl.com,IR,HIGH,DETENTION,"The James Foley Legacy Foundation on Friday called for urgent US diplomatic action following the release of a voice recording from detained Iranian American journalist Reza Valizadeh, who is being held in Iran's Evin Prison.",en,IR,2026-08-26 13:19:04,ccnews:www.iranintl.com,validated,media subject and harm action found in returned text,"The James Foley Legacy Foundation on Friday called for urgent US diplomatic action following the release of a voice recording from detained Iranian American journalist Reza Valizadeh, who is being held in Iran's Evin Prison.",james foley legacy foundation friday called for urgent us diplomatic action following
40,https://www.iranintl.com/en/202606067999,Iranians report missing bank funds as distrust grows - report,2026-06-06,www.iranintl.com,IR,HIGH,DETENTION,"The James Foley Legacy Foundation on Friday called for urgent US diplomatic action following the release of a voice recording from detained Iranian American journalist Reza Valizadeh, who is being held in Iran's Evin Prison.",en,IR,2026-08-26 13:19:04,ccnews:www.iranintl.com,validated,media subject and harm action found in returned text,"The James Foley Legacy Foundation on Friday called for urgent US diplomatic action following the release of a voice recording from detained Iranian American journalist Reza Valizadeh, who is being held in Iran's Evin Prison.",james foley legacy foundation friday called for urgent us diplomatic action following
42,https://www.iranintl.com/en/202606061898,US intelligence assessment raised Israeli espionage threat level to ‘critical’ - NBC,2026-06-06,www.iranintl.com,IR,HIGH,DETENTION,"The James Foley Legacy Foundation on Friday called for urgent US diplomatic action following the release of a voice recording from detained Iranian American journalist Reza Valizadeh, who is being held in Iran's Evin Prison.",en,IR,2026-08-26 13:19:04,ccnews:www.iranintl.com,validated,media subject and harm action found in returned text,"The James Foley Legacy Foundation on Friday called for urgent US diplomatic action following the release of a voice recording from detained Iranian American journalist Reza Valizadeh, who is being held in Iran's Evin Prison.",james foley legacy foundation friday called for urgent us diplomatic action following
43,https://www.iranintl.com/en/202606068716,CENTCOM says US forces intercepted Iranian missiles and drones,2026-06-06,www.iranintl.com,IR,HIGH,DETENTION,"The James Foley Legacy Foundation on Friday called for urgent US diplomatic action following the release of a voice recording from detained Iranian American journalist Reza Valizadeh, who is being held in Iran's Evin Prison.",en,IR,2026-08-26 13:19:04,ccnews:www.iranintl.com,validated,media subject and harm action found in returned text,"The James Foley Legacy Foundation on Friday called for urgent US diplomatic action following the release of a voice recording from detained Iranian American journalist Reza Valizadeh, who is being held in Iran's Evin Prison.",james foley legacy foundation friday called for urgent us diplomatic action following
44,https://timesofindia.indiatimes.com/world/uk/two-men-convicted-of-stabbing-iranian-tv-presenter-in-london-on-order-of-tehran/articleshow/131546937.cms,Two men convicted of stabbing Iranian TV presenter in London ‘on order of Tehran’,2026-06-06,timesofindia.indiatimes.com,IN,HIGH,ATTACK,"The victim, a journalist with the Farsi-language broadcaster Iran International, was stabbed three times in the leg in March 2024 as he walked near his residence.",en,IN,2026-08-26 13:21:58,ccnews:timesofindia.indiatimes.com,validated,media subject and harm action found in returned text,"The victim, a journalist with the Farsi-language broadcaster Iran International, was stabbed three times in the leg in March 2024 as he walked near his residence.",victim journalist with farsi language broadcaster iran international stabbed three times leg
31,https://www.cumhuriyet.com.tr/siyaset/gazetecilik-yargilaniyor-ismail-ari-dan-carpici-savunma-58-satirlik-bir-iddianame-yuzunden-icerideyim-2509621,Gazetecilik yargılanıyor... İsmail Arı'dan çarpıcı savunma: '58 satırlık bir iddianame yüzünden içerideyim',2026-06-05,www.cumhuriyet.com.tr,TR,HIGH,DETENTION,"Maalesef bu ülkede gazeteciler, aydınlar hep tutuklandı.",tr,TR,2026-08-26 13:11:22,ccnews:www.cumhuriyet.com.tr,validated,media subject and harm action found in returned text,"Maalesef bu ülkede gazeteciler, aydınlar hep tutuklandı.",maalesef bu lkede gazeteciler ayd nlar hep tutukland
32,https://www.cumhuriyet.com.tr/siyaset/son-dakika-gazeteci-ismail-ari-icin-tahliye-karari-2509621,Son dakika... Gazeteci İsmail Arı için tahliye kararı,2026-06-05,www.cumhuriyet.com.tr,TR,HIGH,DETENTION,"Maalesef bu ülkede gazeteciler, aydınlar hep tutuklandı.",tr,TR,2026-08-26 13:12:41,ccnews:www.cumhuriyet.com.tr,validated,media subject and harm action found in returned text,"Maalesef bu ülkede gazeteciler, aydınlar hep tutuklandı.",maalesef bu lkede gazeteciler ayd nlar hep tutukland
33,https://www.eluniversal.com.mx/nacion/sheinbaum-resalta-inversion-historica-para-veracruz-por-79-mil-mdp-sera-destinado-al-sector-salud-agua-e-infraestructura/,"Sheinbaum resalta ""inversión histórica"" para Veracruz por 79 mil mdp",2026-06-05,www.eluniversal.com.mx,MX,HIGH,ATTACK,"Lee también Ella es Roxana Guzmán, periodista secuestrada en Veracruz; organizaciones exigen su localización Explicó que se están interviniendo y rehabilitando 18 puentes y se construyen 11 más en la entidad.",es,MX,2026-08-26 13:15:02,ccnews:www.eluniversal.com.mx,validated,media subject and harm action found in returned text,"Lee también Ella es Roxana Guzmán, periodista secuestrada en Veracruz; organizaciones exigen su localización Explicó que se están interviniendo y rehabilitando 18 puentes y se construyen 11 más en la entidad.",lee tambi n ella es roxana guzm n periodista secuestrada en veracruz
41,https://www.eluniversal.com.mx/tendencias/que-mal-esta-quedando-la-policia-esta-fue-de-las-ultimas-coberturas-de-la-periodista-roxana-guzman-antes-de-ser-secuestrada/,"""Qué mal está quedando la policía""; esta fue de las últimas coberturas de la periodista Roxana Guzmán antes de ser secuestrada | El Universal",2026-06-05,www.eluniversal.com.mx,MX,HIGH,ATTACK,"""Qué mal está quedando la policía""; esta fue de las últimas coberturas de la periodista Roxana Guzmán antes de ser secuestrada",es,MX,2026-08-26 13:19:04,ccnews:www.eluniversal.com.mx,validated,media subject and harm action found in returned text,"""Qué mal está quedando la policía""; esta fue de las últimas coberturas de la periodista Roxana Guzmán antes de ser secuestrada",qu mal est quedando la polic esta fue de las ltimas coberturas
26,https://www.haberler.com/guncel/antalya-buyuksehir-belediyesi-rusvet-sorusturmasinda-2-tutuklama-19912109-haberi/,Antalya Büyükşehir Belediyesine yönelik soruşturmada 2 şüpheli tutuklandı,2026-06-04,www.haberler.com,TR,HIGH,DETENTION,"tarafından saklandığı, ayrıca Mustafa Gökhan Böcek tarafından muhtelif kişilere rüşvet verirken çekilen görüntülerin Antalya Büyükşehir Belediyesi Sosyal Medya Sorumlusu B.Ü, kız arkadaşı olan belediye çalışanı Z.B.Ş ve gazeteci C.D'de bulunduğuna yönelik ihbar üzerine 4 zanlı gözaltına alındı.",tr,TR,2026-08-26 12:57:22,ccnews:www.haberler.com,validated,media subject and harm action found in returned text,"tarafından saklandığı, ayrıca Mustafa Gökhan Böcek tarafından muhtelif kişilere rüşvet verirken çekilen görüntülerin Antalya Büyükşehir Belediyesi Sosyal Medya Sorumlusu B.Ü, kız arkadaşı olan belediye çalışanı Z.B.Ş ve gazeteci C.D'de bulunduğuna yönelik ihbar üzerine 4 zanlı gözaltına alındı.",taraf ndan sakland ayr ca mustafa g khan b cek taraf ndan
28,https://www.eluniversal.com.mx/estados/explotan-cuatro-autotanques-de-gas-lp-en-tepeaca-puebla-evacuan-hospital-escuelas-y-viviendas-por-riesgo/,"Explotan cuatro autotanques de gas LP en Tepeaca, Puebla",2026-06-04,www.eluniversal.com.mx,MX,HIGH,ATTACK,"Lee también Ella es Roxana Guzmán, periodista secuestrada en Veracruz; organizaciones exigen su localización La Coordinación Estatal de Protección Civil del Gobierno de Puebla informó que tras la fuerte exposición fueron evacuados más de dos mil personas de un hospital, escuelas y viviendas aledañas como medida preventiva.",es,MX,2026-08-26 13:00:18,ccnews:www.eluniversal.com.mx,validated,media subject and harm action found in returned text,"Lee también Ella es Roxana Guzmán, periodista secuestrada en Veracruz; organizaciones exigen su localización La Coordinación Estatal de Protección Civil del Gobierno de Puebla informó que tras la fuerte exposición fueron evacuados más de dos mil personas de un hospital, escuelas y viviendas aledañas como medida preventiva.",lee tambi n ella es roxana guzm n periodista secuestrada en veracruz
29,https://www.eluniversal.com.mx/estados/tras-3-decadas-de-militancia-americo-zuniga-renuncia-al-pri-veracruz-fue-lider-estatal-y-alcalde-de-la-capital/,"Tras 3 décadas de militancia, Américo Zuñiga renuncia al PRI-Veracruz",2026-06-04,www.eluniversal.com.mx,MX,HIGH,ATTACK,"Lee también Ella es Roxana Guzmán, periodista secuestrada en Veracruz; organizaciones exigen su localización Y recordó que durante más de treinta años militó en el PRI convencido de que la política y el servicio público sólo tienen sentido cuando se ejercen con compromiso hacia los ciudadanos.",es,MX,2026-08-26 13:00:18,ccnews:www.eluniversal.com.mx,validated,media subject and harm action found in returned text,"Lee también Ella es Roxana Guzmán, periodista secuestrada en Veracruz; organizaciones exigen su localización Y recordó que durante más de treinta años militó en el PRI convencido de que la política y el servicio público sólo tienen sentido cuando se ejercen con compromiso hacia los ciudadanos.",lee tambi n ella es roxana guzm n periodista secuestrada en veracruz
30,https://www.eluniversal.com.mx/estados/nahle-asegura-que-continua-busqueda-de-periodista-roxana-ramirez-secuestrada-en-veracruz-sheinbaum-envio-elementos-federales-dice/,"Nahle asegura que continúa búsqueda de periodista Roxana Ramírez, secuestrada en Veracruz",2026-06-04,www.eluniversal.com.mx,MX,HIGH,ATTACK,"Nahle asegura que continúa búsqueda de periodista Roxana Ramírez, secuestrada en Veracruz [Publicidad] La gobernadora de Veracruz, Rocio Nahle García calificó como ""lamentable"" que personas armadas hayan privado de libertad a la reportera Roxana Ramírez.",es,MX,2026-08-26 13:11:22,ccnews:www.eluniversal.com.mx,validated,media subject and harm action found in returned text,"Nahle asegura que continúa búsqueda de periodista Roxana Ramírez, secuestrada en Veracruz [Publicidad] La gobernadora de Veracruz, Rocio Nahle García calificó como ""lamentable"" que personas armadas hayan privado de libertad a la reportera Roxana Ramírez.",nahle asegura que contin b squeda de periodista roxana ram rez secuestrada
15,https://timesofindia.indiatimes.com/sports/international-sports/caitlin-clark-and-stephanie-white-shut-down-indiana-fever-rift-rumors-following-tense-courtside-exchange/articleshow/131473475.cms,Caitlin Clark and Stephanie White shut down Indiana Fever rift rumors following tense courtside exchange,2026-06-03,timesofindia.indiatimes.com,IN,MEDIUM,CENSORSHIP,"Stephanie White and Caitlin Clark shut down rift rumors after viral sideline moment Speaking to reporters, Stephanie White explained that she was pushing Clark during the game because she believes in challenging her players.",en,IN,2026-08-26 12:22:57,ccnews:timesofindia.indiatimes.com,validated,media subject and harm action found in returned text,"Stephanie White and Caitlin Clark shut down rift rumors after viral sideline moment Speaking to reporters, Stephanie White explained that she was pushing Clark during the game because she believes in challenging her players.",stephanie white caitlin clark shut down rift rumors after viral sideline moment
16,https://www.eluniversal.com.mx/nacion/hallan-anomalias-en-la-embajada-de-reino-unido-y-las-ocultan/,Hallan anomalías en la embajada de Reino Unido… y las ocultan | El Universal,2026-06-03,www.eluniversal.com.mx,MX,HIGH,DETENTION,"Lee también SRE anuncia regreso a México de periodistas deportivos de TUDN; fueron detenidos en Sudáfrica desde marzo ""La divulgación de la información solicitada en la presente etapa procesal afectaría el interés público, consistente en garantizar la correcta integración del Informe de Irregularidades Detectadas y, en su caso, la debida sustanciación de los procedimientos de responsabilidad administrativa.",es,MX,2026-08-26 12:27:24,ccnews:www.eluniversal.com.mx,validated,media subject and harm action found in returned text,"Lee también SRE anuncia regreso a México de periodistas deportivos de TUDN; fueron detenidos en Sudáfrica desde marzo ""La divulgación de la información solicitada en la presente etapa procesal afectaría el interés público, consistente en garantizar la correcta integración del Informe de Irregularidades Detectadas y, en su caso, la debida sustanciación de los procedimientos de responsabilidad administrativa.",lee tambi n sre anuncia regreso m xico de periodistas deportivos de
17,https://timesofindia.indiatimes.com/videos/international/journalists-locked-out-after-pentagon-re-designates-key-press-office-as-classified-workspace/videoshow/131480280.cms,Journalists Locked Out After Pentagon Re-designates Key Press Office As Classified Workspace,2026-06-03,timesofindia.indiatimes.com,IN,MEDIUM,CENSORSHIP,06:01'Press Locked Out': Secret Service Blocked And US Journalists Denied Access During Trump China Visit2 weeks ago,en,IN,2026-08-26 12:28:30,ccnews:timesofindia.indiatimes.com,validated,media subject and harm action found in returned text,06:01'Press Locked Out': Secret Service Blocked And US Journalists Denied Access During Trump China Visit2 weeks ago,06 01 press locked out secret service blocked us journalists denied access
18,https://www.cumhuriyet.com.tr/turkiye/mayis-ayi-basin-ozgurlugu-raporu-nu-aciklayan-chp-li-cakirozer-den-tutuklu-gazeteciler-icin-cagri-2508923,Mayıs ayı Basın Özgürlüğü Raporu’nu açıklayan CHP’li Çakırözer’den tutuklu gazeteciler için çağrı,2026-06-03,www.cumhuriyet.com.tr,TR,MEDIUM,CENSORSHIP,Murat'a soru soran basın mensupları Ferhat Murat'ın koruma polisi tarafından engellendi.,tr,TR,2026-08-26 12:31:14,ccnews:www.cumhuriyet.com.tr,validated,media subject and harm action found in returned text,Murat'a soru soran basın mensupları Ferhat Murat'ın koruma polisi tarafından engellendi.,murat soru soran bas n mensuplar ferhat murat n koruma polisi taraf
19,https://www.haberler.com/guncel/chp-li-cakirozer-den-tutuklu-gazetecilere-ozgurluk-cagrisi-19908095-haberi/,Çakırözer'den Tutuklu Gazeteciler İçin Özgürlük Çağrısı,2026-06-03,www.haberler.com,TR,HIGH,DETENTION,"Bir gazeteci tutuklandı, onlarca gazeteci hakkında soruşturma açıldı.",tr,TR,2026-08-26 12:38:26,ccnews:www.haberler.com,validated,media subject and harm action found in returned text,"Bir gazeteci tutuklandı, onlarca gazeteci hakkında soruşturma açıldı.",bir gazeteci tutukland onlarca gazeteci hakk nda soru turma ld
20,https://bianet.org/haber/journalist-cihan-berk-sentenced-to-over-six-years-in-prison-320168,Journalist Cihan Berk sentenced to over six years in prison,2026-06-03,bianet.org,TR,HIGH,DETENTION,"Journalist Cihan Berk sentenced to over six years in prison Journalist Cihan Berk sentenced to over six years in prison Journalist Cihan Berk has been sentenced to six years and three months in prison on charges of ""being a member of a terrorist organization."" The second hearing of the case against Berk was held today at the Tunceli 1st Heavy Penal Court.",en,TR,2026-08-26 12:41:45,ccnews:bianet.org,validated,media subject and harm action found in returned text,"Journalist Cihan Berk sentenced to over six years in prison Journalist Cihan Berk sentenced to over six years in prison Journalist Cihan Berk has been sentenced to six years and three months in prison on charges of ""being a member of a terrorist organization."" The second hearing of the case against Berk was held today at the Tunceli 1st Heavy Penal Court.",journalist cihan berk sentenced over six years prison journalist cihan berk sentenced
21,https://www.eluniversal.com.mx/nacion/advierten-que-padron-de-lineas-telefonicas-podria-aumentar-mercado-negro-de-sim-y-robo-de-identidad-experto-pide-posponer-fecha-limite/,Advierten que padrón de líneas telefónicas podría aumentar mercado negro de SIM y robo de identidad; experto pide posponer fecha límite | El Universal,2026-06-03,www.eluniversal.com.mx,MX,HIGH,DETENTION,"Lee también SRE anuncia regreso a México de periodistas deportivos de TUDN; fueron detenidos en Sudáfrica desde marzo Protección de datos personales por particulares Al igual que Sheinbaum, la CRT aclaró que las compañías de telefonía están sujetas a la Ley Federal de Protección de Datos Personales en Posesión de los Particulares, publicada en el Diario Oficial de la Federación (DOF) el 20 de marzo de 2025.",es,MX,2026-08-26 12:42:41,ccnews:www.eluniversal.com.mx,validated,media subject and harm action found in returned text,"Lee también SRE anuncia regreso a México de periodistas deportivos de TUDN; fueron detenidos en Sudáfrica desde marzo Protección de datos personales por particulares Al igual que Sheinbaum, la CRT aclaró que las compañías de telefonía están sujetas a la Ley Federal de Protección de Datos Personales en Posesión de los Particulares, publicada en el Diario Oficial de la Federación (DOF) el 20 de marzo de 2025.",lee tambi n sre anuncia regreso m xico de periodistas deportivos de
22,https://www.eluniversal.com.mx/nacion/ella-es-roxana-guzman-periodista-secuestrada-en-veracruz-organizaciones-exigen-su-localizacion/,"¿Quién es Roxana Guzmán, periodista secuestrada en Veracruz?",2026-06-03,www.eluniversal.com.mx,MX,HIGH,ATTACK,"¿Quién es Roxana Guzmán, periodista secuestrada en Veracruz?",es,MX,2026-08-26 12:42:41,ccnews:www.eluniversal.com.mx,validated,media subject and harm action found in returned text,"¿Quién es Roxana Guzmán, periodista secuestrada en Veracruz?",qui n es roxana guzm n periodista secuestrada en veracruz
23,https://www.eluniversal.com.mx/nacion/arranca-derecho-de-replica-con-luisa-alcalde-contrasta-noticias-sobre-economia-en-sinaloa-e-imss-bienestar/,"Arranca ""Derecho de réplica"" con Luisa Alcalde, consejera jurídica; aborda visita de Cayetana Álvarez | El Universal",2026-06-03,www.eluniversal.com.mx,MX,HIGH,ATTACK,"Lee también Ella es Roxana Guzmán, periodista secuestrada en Veracruz; organizaciones exigen su localización La funcionaria también expuso un esquema sobre el ecosistema de propagación de contenidos en plataformas digitales, mediante el cual explicó cómo distintas cuentas replican información de medios de comunicación para amplificar su alcance y favorecer su viralización.",es,MX,2026-08-26 12:44:08,ccnews:www.eluniversal.com.mx,validated,media subject and harm action found in returned text,"Lee también Ella es Roxana Guzmán, periodista secuestrada en Veracruz; organizaciones exigen su localización La funcionaria también expuso un esquema sobre el ecosistema de propagación de contenidos en plataformas digitales, mediante el cual explicó cómo distintas cuentas replican información de medios de comunicación para amplificar su alcance y favorecer su viralización.",lee tambi n ella es roxana guzm n periodista secuestrada en veracruz
24,https://www.kommersant.ru/doc/8711030,Полковника не освободили,2026-06-03,www.kommersant.ru,RU,MEDIUM,CENSORSHIP,Сам процесс закрыт от СМИ.,ru,RU,2026-08-26 12:44:08,ccnews:www.kommersant.ru,validated,media subject and harm action found in returned text,Сам процесс закрыт от СМИ.,
25,https://www.eluniversal.com.mx/nacion/cae-en-acapulco-a-jesus-zamora-cervantes-lider-extorsionador-chantajeaba-a-prestadores-de-servicios-turisticos-en-la-costera/,"Cae en Acapulco Jesús Zamora Cervantes, líder extorsionador; chantajeaba a prestadores de servicios turísticos en la Costera | El Universal",2026-06-03,www.eluniversal.com.mx,MX,HIGH,DETENTION,"Lee también SRE anuncia regreso a México de periodistas deportivos de TUDN; fueron detenidos en Sudáfrica desde marzo A los detenidos se les informaron sus derechos de ley y, junto con lo asegurado, fueron puestos a disposición del agente del Ministerio Público, quien determinará su situación legal.",es,MX,2026-08-26 12:45:32,ccnews:www.eluniversal.com.mx,validated,media subject and harm action found in returned text,"Lee también SRE anuncia regreso a México de periodistas deportivos de TUDN; fueron detenidos en Sudáfrica desde marzo A los detenidos se les informaron sus derechos de ley y, junto con lo asegurado, fueron puestos a disposición del agente del Ministerio Público, quien determinará su situación legal.",lee tambi n sre anuncia regreso m xico de periodistas deportivos de
10,https://timesofindia.indiatimes.com/city/noida/bail-denied-to-scribe-held-for-noida-unrest-court-says-charges-grave/articleshow/131449504.cms,"Bail denied to scribe held for Noida unrest, court says charges grave",2026-06-02,timesofindia.indiatimes.com,IN,HIGH,DETENTION,"Bail denied to scribe held for Noida unrest, court says charges grave Noida : A district court on Monday refused bail to journalist and translator Satyam Verma, arrested in connection with the April 13 unrest, holding that the case against him goes beyond a routine law and order breach.",en,IN,2026-08-26 12:05:21,ccnews:timesofindia.indiatimes.com,validated,media subject and harm action found in returned text,"Bail denied to scribe held for Noida unrest, court says charges grave Noida : A district court on Monday refused bail to journalist and translator Satyam Verma, arrested in connection with the April 13 unrest, holding that the case against him goes beyond a routine law and order breach.",bail denied scribe held for noida unrest court charges grave noida district
11,https://www.ilfattoquotidiano.it/2026/06/02/xenia-fedorova-permesso-soggiorno-francia-imbarazzo-governo-notizie/8405809/,"Xenia Fedorova, il caso del passaporto della giornalista che imbarazza la Francia",2026-06-02,www.ilfattoquotidiano.it,IT,MEDIUM,CENSORSHIP,"L'ex direttrice della redazione di Russia Today France, il media finanziato dal Cremlino vietato in Europa nel marzo 2022 dopo l'invasione russa dell'Ucraina, non ha mai lasciato Parigi e non ha mai smesso di lavorare: Fedorova è infatti uno dei volti di punta delle tv CNews e Europe 1 e tutte le settimane firma una rubrica dal titolo ""Carte blanche"" su JDNews, supplemento del Journal du Dimanche.",it,IT,2026-08-26 12:12:41,ccnews:www.ilfattoquotidiano.it,validated,media subject and harm action found in returned text,"L'ex direttrice della redazione di Russia Today France, il media finanziato dal Cremlino vietato in Europa nel marzo 2022 dopo l'invasione russa dell'Ucraina, non ha mai lasciato Parigi e non ha mai smesso di lavorare: Fedorova è infatti uno dei volti di punta delle tv CNews e Europe 1 e tutte le settimane firma una rubrica dal titolo ""Carte blanche"" su JDNews, supplemento del Journal du Dimanche.",l ex direttrice della redazione di russia today france il media finanziato
12,https://www.kommersant.ru/doc/8709301,В Крыму закрыли для пассажиров железнодорожную станцию Джанкой,2026-06-02,www.kommersant.ru,RU,MEDIUM,CENSORSHIP,"В Крыму закрыли для пассажиров железнодорожную станцию Джанкой В Крыму закрыли для пассажиров железнодорожную станцию Джанкой Железнодорожная станция Джанкой на севере Крыма закрыта для посадки и высадки пассажиров, сообщил оператор «Гранд Сервис Экспресс» (ГСЭ).",ru,RU,2026-08-26 12:12:41,ccnews:www.kommersant.ru,validated,media subject and harm action found in returned text,"В Крыму закрыли для пассажиров железнодорожную станцию Джанкой В Крыму закрыли для пассажиров железнодорожную станцию Джанкой Железнодорожная станция Джанкой на севере Крыма закрыта для посадки и высадки пассажиров, сообщил оператор «Гранд Сервис Экспресс» (ГСЭ).",
13,https://www.kommersant.ru/doc/8709842,Суд в Тюмени арестовал главного редактора СМИ по делу о вымогательстве,2026-06-02,www.kommersant.ru,RU,HIGH,DETENTION,В момент получения требуемой суммы главный редактор новостного интернет-издания была задержана.,ru,RU,2026-08-26 12:17:54,ccnews:www.kommersant.ru,validated,media subject and harm action found in returned text,В момент получения требуемой суммы главный редактор новостного интернет-издания была задержана.,
14,https://www.eluniversal.com.mx/nacion/sre-anuncia-regreso-a-mexico-de-periodistas-deportivos-de-tudn-fueron-detenidos-en-sudafrica-desde-marzo/,SRE anuncia regreso a México de periodistas deportivos de TUDN detenidos en Sudáfrica,2026-06-02,www.eluniversal.com.mx,MX,HIGH,DETENTION,"SRE anuncia regreso a México de periodistas deportivos de TUDN detenidos en Sudáfrica [Publicidad] Después de que en marzo pasado fueron detenidos, la Secretaría de Relaciones Exteriores (SRE) anunció el regreso a México del periodista deportivo de TUDN Julio Ibáñez y del camarógrafo Danny García.",es,MX,2026-08-26 12:20:30,ccnews:www.eluniversal.com.mx,validated,media subject and harm action found in returned text,"SRE anuncia regreso a México de periodistas deportivos de TUDN detenidos en Sudáfrica [Publicidad] Después de que en marzo pasado fueron detenidos, la Secretaría de Relaciones Exteriores (SRE) anunció el regreso a México del periodista deportivo de TUDN Julio Ibáñez y del camarógrafo Danny García.",sre anuncia regreso m xico de periodistas deportivos de tudn detenidos en
8,https://timesofindia.indiatimes.com/india/tmc-mp-kalyan-banerjee-attacked-in-west-bengal-amid-post-poll-violence-claims/articleshow/131419881.cms,"After attack on Abhishek Banerjee, TMC MP Kalyan Banerjee 'targeted' in Hooghly",2026-05-31,timesofindia.indiatimes.com,IN,HIGH,ATTACK,"Speaking to reporters after the incident, Banerjee alleged that BJP workers attacked him while he was on his way to the police station.",en,IN,2026-08-26 11:42:53,ccnews:timesofindia.indiatimes.com,validated,media subject and harm action found in returned text,"Speaking to reporters after the incident, Banerjee alleged that BJP workers attacked him while he was on his way to the police station.",speaking reporters after incident banerjee alleged that bjp workers attacked him while
9,https://www.eluniversal.com.mx/mundo/colombia-entre-el-oficialismo-y-la-ultraderecha/,Colombia: entre el oficialismo y la ultraderecha | El Universal,2026-05-31,www.eluniversal.com.mx,MX,CRITICAL,KILLING,"Esta campesina —ni su nombre ni su lugar de vivienda se publican por seguridad— vive en una zona rural del norte del departamento de Antioquia, cerca de donde hace unas semanas fue asesinado un periodista de 25 años, Mateo Pérez, por las disidencias de las Fuerzas Armadas Revolucionarias de Colombia (FARC).",es,MX,2026-08-26 11:43:55,ccnews:www.eluniversal.com.mx,validated,media subject and harm action found in returned text,"Esta campesina —ni su nombre ni su lugar de vivienda se publican por seguridad— vive en una zona rural del norte del departamento de Antioquia, cerca de donde hace unas semanas fue asesinado un periodista de 25 años, Mateo Pérez, por las disidencias de las Fuerzas Armadas Revolucionarias de Colombia (FARC).",esta campesina ni su nombre ni su lugar de vivienda se publican
7,https://www.eluniversal.com.mx/metropoli/marchas-en-la-cdmx-estas-son-las-manifestaciones-y-concentraciones-previstas-para-este-sabado-30-de-mayo/,Marchas en la CDMX: estas son las manifestaciones y concentraciones previstas para este sábado 30 de mayo | El Universal,2026-05-30,www.eluniversal.com.mx,MX,CRITICAL,KILLING,"Familiares de periodistas asesinados y desaparecidos en México realizarán una jornada de acción de memoria por las y los periodistas asesinados y desaparecidos en México, a partir de las 9 horas en la Esquina de la Información.",es,MX,2026-08-26 11:40:07,ccnews:www.eluniversal.com.mx,validated,media subject and harm action found in returned text,"Familiares de periodistas asesinados y desaparecidos en México realizarán una jornada de acción de memoria por las y los periodistas asesinados y desaparecidos en México, a partir de las 9 horas en la Esquina de la Información.",familiares de periodistas asesinados y desaparecidos en m xico realizar n una
5,https://timesofindia.indiatimes.com/tv/news/english/katie-price-says-missing-husband-lee-andrews-is-alive-and-ok-after-brief-dubai-jail-call/articleshow/131386044.cms,Katie Price says missing husband Lee Andrews is “alive and OK” after brief Dubai jail call,2026-05-29,timesofindia.indiatimes.com,IN,HIGH,DETENTION,"The truth behind Lee Andrews' arrest The outlet had previously revealed that Andrews duped reporter Clemmie Moodie into investing £1,000 in a bogus scheme, seemingly using documents created with artificial intelligence, on the promise of quadrupling her money.",en,IN,2026-08-26 11:20:16,ccnews:timesofindia.indiatimes.com,validated,media subject and harm action found in returned text,"The truth behind Lee Andrews' arrest The outlet had previously revealed that Andrews duped reporter Clemmie Moodie into investing £1,000 in a bogus scheme, seemingly using documents created with artificial intelligence, on the promise of quadrupling her money.",truth behind lee andrews arrest outlet had previously revealed that andrews duped
6,https://timesofindia.indiatimes.com/city/allahabad/noida-workers-protest-hc-seeks-up-govt-response-on-scribes-detention-under-nsa/articleshow/131396763.cms,Noida workers' protest: HC seeks UP govt response on scribe's detention under NSA | Prayagraj News - The Times of India,2026-05-29,timesofindia.indiatimes.com,IN,HIGH,DETENTION,"The Times of India Prayagraj: The Allahabad high court on Friday directed UP govt to file its reply on a habeas corpus writ petition concerning journalist Satyam Verma, who was arrested last month and later booked under the stringent National Security Act (NSA) on the allegations of instigating workers to carry out violence during the Noida labourers' protest.",en,IN,2026-08-26 11:28:43,ccnews:timesofindia.indiatimes.com,validated,media subject and harm action found in returned text,"The Times of India Prayagraj: The Allahabad high court on Friday directed UP govt to file its reply on a habeas corpus writ petition concerning journalist Satyam Verma, who was arrested last month and later booked under the stringent National Security Act (NSA) on the allegations of instigating workers to carry out violence during the Noida labourers' protest.",times india prayagraj allahabad high court friday directed up govt file its
1,https://www.eluniversal.com.mx/deportes/david-faitelson-adelanta-el-regreso-de-julio-ibanez-y-su-papel-en-el-mundial/,David Faitelson adelanta el regreso de Julio Ibáñez y su papel en el Mundial,2026-05-28,www.eluniversal.com.mx,MX,HIGH,DETENTION,"Lee también Ángel Reyna arremete contra Pumas tras perder la final: ""Equipo chico con afición gris"" A través de sus redes sociales, el experimentado analista y conductor reveló que el regreso de su compañero —quien fue detenido el pasado 18 de marzo junto a su camarógrafo mientras realizaba una transmisión en vivo— podría concretarse en los próximos días.",es,MX,2026-08-25 21:00:23,ccnews:www.eluniversal.com.mx,validated,media subject and harm action found in returned text,"Lee también Ángel Reyna arremete contra Pumas tras perder la final: ""Equipo chico con afición gris"" A través de sus redes sociales, el experimentado analista y conductor reveló que el regreso de su compañero —quien fue detenido el pasado 18 de marzo junto a su camarógrafo mientras realizaba una transmisión en vivo— podría concretarse en los próximos días.",lee tambi n ngel reyna arremete contra pumas tras perder la final
3,https://www.eluniversal.com.mx/estados/salamanca-vive-situacion-grave-de-violencia-reconoce-alcalde-pide-realizar-operativo-enjambre-en-guanajuato/,"Salamanca vive situación grave de violencia, reconoce alcalde",2026-05-28,www.eluniversal.com.mx,MX,CRITICAL,KILLING,"También pidió a la Fiscalía General del Estado reabrir las investigaciones por el homicidio del periodista Israel Vázquez Rangel, del medio digital ""El Salmantino"", asesinado por hombres armados durante la cobertura informativa de un hecho criminal; incluso pidió que la Fiscalía General de la República atraiga el caso.",es,MX,2026-08-26 11:15:55,ccnews:www.eluniversal.com.mx,validated,media subject and harm action found in returned text,"También pidió a la Fiscalía General del Estado reabrir las investigaciones por el homicidio del periodista Israel Vázquez Rangel, del medio digital ""El Salmantino"", asesinado por hombres armados durante la cobertura informativa de un hecho criminal; incluso pidió que la Fiscalía General de la República atraiga el caso.",tambi n pidi la fiscal general del estado reabrir las investigaciones por
4,https://www.eluniversal.com.mx/nacion/articulo-19-exige-investigar-amenazas-contra-periodista-en-sinaloa-acusa-que-ataques-ocurrieron-tras-publicacion-sobre-rocha/,Artículo 19 exige investigar amenazas contra periodista en Sinaloa; acusa que ataques ocurrieron tras publicación sobre Rocha | El Universal,2026-05-28,www.eluniversal.com.mx,MX,MEDIUM,THREAT,"El Universal [Publicidad] Artículo 19 México y Centroamérica denunció amenazas de muerte contra el periodista sinaloense Juan Manuel Partida Valdez, presidente de la Asociación de Periodistas de Sinaloa y autor de la columna ""Altoparlante"", luego de una publicación relacionada con presuntos actos de opacidad y nepotismo vinculados al gobernador con licencia de Sinaloa, Rubén Rocha Moya.",es,MX,2026-08-26 11:18:18,ccnews:www.eluniversal.com.mx,validated,media subject and harm action found in returned text,"El Universal [Publicidad] Artículo 19 México y Centroamérica denunció amenazas de muerte contra el periodista sinaloense Juan Manuel Partida Valdez, presidente de la Asociación de Periodistas de Sinaloa y autor de la columna ""Altoparlante"", luego de una publicación relacionada con presuntos actos de opacidad y nepotismo vinculados al gobernador con licencia de Sinaloa, Rubén Rocha Moya.",el universal publicidad art culo 19 m xico y centroam rica denunci
2,https://www.eluniversal.com.mx/nacion/irving-pineda-agradece-respaldo-tras-denunciar-intento-de-censura-de-la-abogada-de-las-estrellas-me-querian-callar-afirma/,"Irving Pineda agradece respaldo tras denunciar intento de censura de ""La abogada de las estrellas""; ""me querían callar"", afirma | El Universal",2026-05-27,www.eluniversal.com.mx,MX,MEDIUM,THREAT,"Periodista fue amenazado por ""La defensa más leal"" En una entrevista reciente con EL UNIVERSAL, el abogado Adrián Arellano confirmó que su cliente, Irving Pineda, recibió mensajes considerados como amenazas por parte del abogado Juan Hernández, conocido en redes sociales como ""La defensa más leal"", en los que exigía eliminar videos donde aparecía Mariana Gutiérrez.",es,MX,2026-08-25 21:05:15,ccnews:www.eluniversal.com.mx,validated,media subject and harm action found in returned text,"Periodista fue amenazado por ""La defensa más leal"" En una entrevista reciente con EL UNIVERSAL, el abogado Adrián Arellano confirmó que su cliente, Irving Pineda, recibió mensajes considerados como amenazas por parte del abogado Juan Hernández, conocido en redes sociales como ""La defensa más leal"", en los que exigía eliminar videos donde aparecía Mariana Gutiérrez.",periodista fue amenazado por la defensa m s leal en una entrevista
27,https://www.tehrantimes.com/news/526602/Hezbollah-pounds-IOF-with-FPV-drones,Hezbollah pounds IOF with FPV drones,2026-05-19,www.tehrantimes.com,IR,HIGH,ATTACK,"The newspaper ""Israel Hayom"" reported that two people were injured, one of them seriously, after a Hezbollah drone struck Misgav Am in the Galilee.",en,IR,2026-08-26 13:00:18,ccnews:www.tehrantimes.com,validated,media subject and harm action found in returned text,"The newspaper ""Israel Hayom"" reported that two people were injured, one of them seriously, after a Hezbollah drone struck Misgav Am in the Galilee.",newspaper israel hayom reported that two people injured one them seriously after
